{
    "parameter_transfer_reduced_dof": {
        "jumpstart": -1.124719656015646,
        "asymptotic": -5.563294399449735,
        "transfer_ratio": 1.0136130164221246,
        "time_to_threshold": {
            "baseline": 1000,
            "transfer": 1000,
            "improvement": 0
        },
        "p_value": 0.43941946269829296,
        "is_negative": false
    },
    "feature_transfer_planar": {
        "jumpstart": -9.786161020910058,
        "asymptotic": 6.688669514276661,
        "transfer_ratio": 1.4337438861083862,
        "time_to_threshold": {
            "baseline": 1000,
            "transfer": 1000,
            "improvement": 0
        },
        "p_value": 2.942887208735447e-11,
        "is_negative": false
    },
    "policy_distillation_simple_physics": {
        "jumpstart": -0.9980019836761755,
        "asymptotic": -7.802677577402573,
        "transfer_ratio": 0.9091243794438961,
        "time_to_threshold": {
            "baseline": 1000,
            "transfer": 1000,
            "improvement": 0
        },
        "p_value": 0.5383576629232227,
        "is_negative": false
    },
    "progressive_transfer": {
        "jumpstart": -3.129339878235765,
        "asymptotic": 3.17685293596875,
        "transfer_ratio": 1.1300283120799803,
        "time_to_threshold": {
            "baseline": 1000,
            "transfer": 1000,
            "improvement": 0
        },
        "p_value": 0.007025035378016489,
        "is_negative": false
    }
}